SKU,Title,Description,Price,Currency,Image,Checkout URL
ZEN-ART-BASE,Zen Art Printables Bundle,"A curated set of minimalist art prints ready for instant download. Ideal for home decor, studio walls, and digital product bundles.",9,USD,http://localhost:8000/static/assets/listings/ZEN-ART-BASE/listing.png,http://localhost:8000/api/payment/shopier/pay?amount=9&currency=USD&order_id=ZEN-ART-BASE-{timestamp}&product_name=Zen%20Art%20Printables%20Bundle
CREATOR-KIT-01,Creator Starter Kit,"A complete creator launch kit including templates, copy, and structured guidance for publishing and selling digital products.",49,USD,http://localhost:8000/static/assets/listings/CREATOR-KIT-01/listing.png,http://localhost:8000/api/payment/shopier/pay?amount=49&currency=USD&order_id=CREATOR-KIT-01-{timestamp}&product_name=Creator%20Starter%20Kit
FIVERR-KIT-01,Fiverr Gig Launch Kit,"Pre-built Fiverr gig assets with optimized copy, packages, and delivery checklists to start selling quickly.",29,USD,http://localhost:8000/static/assets/listings/FIVERR-KIT-01/listing.png,http://localhost:8000/api/payment/shopier/pay?amount=29&currency=USD&order_id=FIVERR-KIT-01-{timestamp}&product_name=Fiverr%20Gig%20Launch%20Kit
SHOPIFY-KIT-01,Shopify Launch Kit,"Shopify launch kit with store setup guidance, listing templates, and launch checklists.",99,USD,http://localhost:8000/static/assets/listings/SHOPIFY-KIT-01/listing.png,http://localhost:8000/api/payment/shopier/pay?amount=99&currency=USD&order_id=SHOPIFY-KIT-01-{timestamp}&product_name=Shopify%20Launch%20Kit
YT-AUTO-01,YouTube Automation Studio,"End-to-end YouTube automation with content strategy, scripts, packaging guidance, and a publishing workflow.",299,USD,http://localhost:8000/static/assets/listings/YT-AUTO-01/listing.png,http://localhost:8000/api/payment/shopier/pay?amount=299&currency=USD&order_id=YT-AUTO-01-{timestamp}&product_name=YouTube%20Automation%20Studio
IW-CONSULT-01,IntelliWealth Consulting,"High-touch AI transformation program covering strategy, operations, and revenue execution with a 90-day roadmap.",15000,USD,http://localhost:8000/static/assets/listings/IW-CONSULT-01/listing.png,http://localhost:8000/api/payment/shopier/pay?amount=15000&currency=USD&order_id=IW-CONSULT-01-{timestamp}&product_name=IntelliWealth%20Consulting
IW-TRAIN-01,IntelliWealth Executive Training,Cohort training and self-study modules that convert AI strategy into measurable execution with playbooks and worksheets.,499,USD,http://localhost:8000/static/assets/listings/IW-TRAIN-01/listing.png,http://localhost:8000/api/payment/shopier/pay?amount=499&currency=USD&order_id=IW-TRAIN-01-{timestamp}&product_name=IntelliWealth%20Executive%20Training
CMD-API-01,Commander API Ops,"Deploy a unified command layer with workflow templates, API onboarding, and governance support.",2000,USD,http://localhost:8000/static/assets/listings/CMD-API-01/listing.png,http://localhost:8000/api/payment/shopier/pay?amount=2000&currency=USD&order_id=CMD-API-01-{timestamp}&product_name=Commander%20API%20Ops
AX-SAAS-01,AutonomaX SaaS Platform,"Subscription access to the AutonomaX automation platform with workflow templates, reporting dashboards, and multi-channel playbooks.",149,USD,http://localhost:8000/static/assets/listings/AX-SAAS-01/listing.png,http://localhost:8000/api/payment/shopier/pay?amount=149&currency=USD&order_id=AX-SAAS-01-{timestamp}&product_name=AutonomaX%20SaaS%20Platform
BOP-SAAS-01,Bopper Income Platform,"Subscription access to a focused income automation platform with templates, prompts, and onboarding.",29,USD,http://localhost:8000/static/assets/listings/BOP-SAAS-01/listing.png,http://localhost:8000/api/payment/shopier/pay?amount=29&currency=USD&order_id=BOP-SAAS-01-{timestamp}&product_name=Bopper%20Income%20Platform
PROFIT-OS-01,Profit OS Consulting,"Structured Profit OS consulting engagement focused on revenue operations, automation, and KPI clarity.",5000,USD,http://localhost:8000/static/assets/listings/PROFIT-OS-01/listing.png,http://localhost:8000/api/payment/shopier/pay?amount=5000&currency=USD&order_id=PROFIT-OS-01-{timestamp}&product_name=Profit%20OS%20Consulting
HYBRID-STACK-01,Hybrid Passive Income Stack,"A step-by-step playbook for hybrid millennials to launch digital assets, automate delivery, and sustain passive revenue with minimal weekly hours.",49,USD,http://localhost:8000/static/assets/listings/HYBRID-STACK-01/listing.png,http://localhost:8000/api/payment/shopier/pay?amount=49&currency=USD&order_id=HYBRID-STACK-01-{timestamp}&product_name=Hybrid%20Passive%20Income%20Stack
SOP-AUTO-01,Automation SOP Vault,"A curated SOP library covering product delivery, fulfillment, customer support, and growth automation for small teams.",79,USD,http://localhost:8000/static/assets/listings/SOP-AUTO-01/listing.png,http://localhost:8000/api/payment/shopier/pay?amount=79&currency=USD&order_id=SOP-AUTO-01-{timestamp}&product_name=Automation%20SOP%20Vault
NOTION-PASSIVE-01,Notion Passive Income Dashboard,"A Notion dashboard to plan offers, track revenue, manage content, and monitor automated sales in one workspace.",29,USD,http://localhost:8000/static/assets/listings/NOTION-PASSIVE-01/listing.png,http://localhost:8000/api/payment/shopier/pay?amount=29&currency=USD&order_id=NOTION-PASSIVE-01-{timestamp}&product_name=Notion%20Passive%20Income%20Dashboard
REDDIT-LAUNCH-01,Reddit Launch Blueprint,"A launch playbook with posting scripts, subreddits map, and community-first engagement to drive product discovery.",39,USD,http://localhost:8000/static/assets/listings/REDDIT-LAUNCH-01/listing.png,http://localhost:8000/api/payment/shopier/pay?amount=39&currency=USD&order_id=REDDIT-LAUNCH-01-{timestamp}&product_name=Reddit%20Launch%20Blueprint
DISCORD-OPS-01,Discord Community Ops Kit,"A complete kit for launching a revenue-focused Discord community with onboarding, engagement loops, and content prompts.",59,USD,http://localhost:8000/static/assets/listings/DISCORD-OPS-01/listing.png,http://localhost:8000/api/payment/shopier/pay?amount=59&currency=USD&order_id=DISCORD-OPS-01-{timestamp}&product_name=Discord%20Community%20Ops%20Kit
GUMROAD-LAUNCH-01,Gumroad Product Accelerator,"Packaged templates for Gumroad product pages, pricing tiers, checkout optimization, and email follow-ups.",49,USD,http://localhost:8000/static/assets/listings/GUMROAD-LAUNCH-01/listing.png,http://localhost:8000/api/payment/shopier/pay?amount=49&currency=USD&order_id=GUMROAD-LAUNCH-01-{timestamp}&product_name=Gumroad%20Product%20Accelerator
BLOG-SEO-01,Blog SEO Sprint Pack,"A blog execution pack with 30-day content calendar, SEO briefs, and lead magnet templates for passive lead capture.",69,USD,http://localhost:8000/static/assets/listings/BLOG-SEO-01/listing.png,http://localhost:8000/api/payment/shopier/pay?amount=69&currency=USD&order_id=BLOG-SEO-01-{timestamp}&product_name=Blog%20SEO%20Sprint%20Pack
